log_scale, efficiency
1, 74.39271255060729
10, 87.34817813765181
100, 93.31983805668015
1000, 94.02834008097166
