log_scale, efficiency
1, 81.07287449392712
10, 89.57489878542509
100, 94.4331983805668
1000, 95.1417004048583
