log_scale, efficiency
1, 83.80566801619432
10, 91.29554655870444
100, 95.44534412955466
1000, 96.05263157894736
