log_scale, efficiency
1, 86.94331983805668
10, 93.21862348178136
100, 96.35627530364371
1000, 96.76113360323886
